x_head,y_head,swimming_way
1,50,-2.0,-2.0,1.0
1,51,-1.0,-1.0,1.0
1,52,-1.0,-1.0,1.0
1,53,-1.0,-1.0,1.0
1,54,-1.0,-1.0,1.0
1,55,-1.0,-1.0,1.0
1,56,-1.0,-1.0,1.0
1,57,-1.0,-1.0,1.0
1,58,-1.0,-1.0,1.0
1,59,-1.0,-1.0,1.0
1,60,-1.0,-1.0,1.0
1,61,-1.0,-1.0,1.0
1,62,-1.0,-1.0,1.0
1,63,-1.0,-1.0,1.0
1,64,-1.0,-1.0,1.0
1,65,-1.0,-1.0,1.0
1,66,-1.0,-1.0,1.0
1,67,-1.0,-1.0,1.0
1,68,-1.0,-1.0,1.0
1,69,-1.0,-1.0,1.0
1,70,-1.0,-1.0,1.0
1,71,-1.0,-1.0,1.0
1,72,-1.0,-1.0,1.0
1,73,-1.0,-1.0,1.0
1,74,-1.0,-1.0,1.0
1,75,-1.0,-1.0,1.0
1,76,-1.0,-1.0,1.0
1,77,-1.0,-1.0,1.0
1,78,-1.0,-1.0,1.0
1,79,-1.0,-1.0,1.0
1,80,-1.0,-1.0,1.0
1,81,-1.0,-1.0,1.0
1,82,-1.0,-1.0,1.0
1,83,-1.0,-1.0,1.0
1,84,-1.0,-1.0,1.0
1,85,-1.0,-1.0,1.0
1,86,-1.0,-1.0,1.0
1,87,-1.0,-1.0,1.0
1,88,-1.0,-1.0,1.0
1,89,-1.0,-1.0,1.0
1,90,-1.0,-1.0,1.0
1,91,-2.0,-2.0,1.0
1,92,-2.0,-2.0,1.0
1,93,-2.0,-2.0,1.0
1,94,-1.0,-1.0,1.0
1,95,-1.0,-1.0,1.0
1,96,-2.0,-2.0,1.0
1,97,-2.0,-2.0,1.0
1,98,603.0,93.0,1.0
1,99,603.0,93.0,1.0
1,100,611.0,91.0,1.0
1,101,618.0,90.0,1.0
1,102,623.0,87.0,1.0
1,103,625.0,85.0,1.0
1,104,629.0,85.0,1.0
1,105,633.0,84.0,1.0
1,106,640.0,83.0,1.0
1,107,644.0,83.0,1.0
1,108,650.0,81.0,1.0
1,109,653.0,82.0,1.0
1,110,660.0,82.0,1.0
1,111,665.0,79.0,1.0
1,112,671.0,79.0,1.0
1,113,674.0,77.0,1.0
1,114,677.0,75.0,1.0
1,115,681.0,73.0,1.0
1,116,687.0,73.0,1.0
1,117,692.0,72.0,1.0
1,118,697.0,72.0,1.0
1,119,701.0,72.0,1.0
1,120,707.0,72.0,1.0
1,121,713.0,72.0,1.0
1,122,716.0,71.0,1.0
1,123,722.0,70.0,1.0
1,124,730.0,70.0,1.0
1,125,732.0,70.0,1.0
1,126,738.0,64.0,1.0
1,127,741.0,64.0,1.0
1,128,746.0,66.0,1.0
1,129,754.0,62.0,1.0
1,130,755.0,62.0,1.0
1,131,761.0,62.0,1.0
1,132,768.0,64.0,1.0
1,133,773.0,61.0,1.0
1,134,778.0,63.0,1.0
1,135,781.0,63.0,1.0
1,136,788.0,61.0,1.0
1,137,794.0,60.0,1.0
1,138,795.0,60.0,1.0
1,139,802.0,58.0,1.0
1,140,807.0,61.0,1.0
1,141,813.0,61.0,1.0
1,142,816.0,61.0,1.0
1,143,821.0,62.0,1.0
1,144,826.0,62.0,1.0
1,145,834.0,65.0,1.0
1,146,840.0,66.0,1.0
1,147,841.0,66.0,1.0
1,148,841.0,66.0,1.0
1,149,846.0,66.0,1.0
1,150,854.0,69.0,1.0
1,151,855.0,69.0,1.0
1,152,862.0,69.0,1.0
1,153,867.0,69.0,1.0
1,154,880.0,69.0,1.0
1,155,885.0,67.0,1.0
1,156,886.0,67.0,1.0
1,157,890.0,68.0,1.0
1,158,894.0,67.0,1.0
1,159,-1.0,-1.0,1.0
1,160,-1.0,-1.0,1.0
1,161,909.0,66.0,1.0
1,162,911.0,66.0,1.0
1,163,919.0,66.0,1.0
1,164,923.0,64.0,1.0
1,165,928.0,67.0,1.0
1,166,932.0,67.0,1.0
1,167,939.0,71.0,1.0
1,168,951.0,72.0,1.0
1,169,955.0,73.0,1.0
1,170,960.0,73.0,1.0
1,171,-1.0,-1.0,1.0
1,172,967.0,69.0,1.0
1,173,-1.0,-1.0,1.0
1,174,980.0,69.0,1.0
1,175,986.0,69.0,1.0
1,176,988.0,70.0,1.0
1,177,-1.0,-1.0,1.0
1,178,988.0,71.0,1.0
1,179,994.0,73.0,1.0
1,180,999.0,74.0,1.0
1,181,-1.0,-1.0,1.0
1,182,1015.0,72.0,1.0
1,183,1017.0,64.0,1.0
1,184,1024.0,67.0,1.0
1,185,1029.0,67.0,1.0
1,186,1034.0,67.0,1.0
1,187,1034.0,67.0,1.0
1,188,1044.0,60.0,1.0
1,189,1048.0,63.0,1.0
1,190,1051.0,64.0,1.0
1,191,1056.0,63.0,1.0
1,192,1057.0,63.0,1.0
1,193,1066.0,64.0,1.0
1,194,1071.0,64.0,1.0
1,195,1079.0,66.0,1.0
1,196,1082.0,69.0,1.0
1,197,1088.0,68.0,1.0
1,198,1092.0,67.0,1.0
1,199,1092.0,69.0,1.0
1,200,1104.0,62.0,1.0
1,201,1109.0,62.0,1.0
1,202,1115.0,63.0,1.0
1,203,1119.0,63.0,1.0
1,204,1121.0,63.0,1.0
1,205,1121.0,63.0,1.0
1,206,1129.0,66.0,1.0
1,207,1127.0,61.0,1.0
1,208,1135.0,62.0,1.0
1,209,1140.0,61.0,1.0
1,210,1149.0,61.0,1.0
1,211,1152.0,62.0,1.0
1,212,1154.0,64.0,1.0
1,213,1156.0,66.0,1.0
1,214,1163.0,66.0,1.0
1,215,1170.0,63.0,1.0
1,216,1170.0,68.0,1.0
1,217,1180.0,67.0,1.0
1,218,1187.0,62.0,1.0
1,219,1188.0,60.0,1.0
1,220,1196.0,60.0,1.0
1,221,1198.0,61.0,1.0
1,222,1200.0,63.0,1.0
1,223,1205.0,64.0,1.0
1,224,1203.0,58.0,1.0
1,225,1212.0,59.0,1.0
1,226,1217.0,60.0,1.0
1,227,1220.0,61.0,1.0
1,228,1227.0,55.0,1.0
1,229,1233.0,56.0,1.0
1,230,1237.0,56.0,1.0
1,231,1241.0,56.0,1.0
1,232,1244.0,57.0,1.0
1,233,1251.0,57.0,1.0
1,234,1255.0,59.0,1.0
1,235,1255.0,59.0,1.0
1,236,1265.0,54.0,1.0
1,237,1270.0,51.0,1.0
1,238,1275.0,51.0,1.0
1,239,1279.0,50.0,1.0
1,240,1283.0,50.0,1.0
1,241,1290.0,51.0,1.0
1,242,1296.0,51.0,1.0
1,243,1300.0,51.0,1.0
1,244,1307.0,53.0,1.0
1,245,1311.0,54.0,1.0
1,246,1315.0,54.0,1.0
1,247,1324.0,55.0,1.0
1,248,1331.0,55.0,1.0
1,249,1331.0,55.0,1.0
1,250,1336.0,55.0,1.0
1,251,1341.0,55.0,1.0
1,252,1341.0,55.0,1.0
1,253,1344.0,57.0,1.0
1,254,1356.0,59.0,1.0
1,255,1356.0,59.0,1.0
1,256,-2.0,-2.0,1.0
1,257,1370.0,47.0,1.0
1,258,1377.0,44.0,1.0
1,259,1388.0,49.0,1.0
1,260,1385.0,49.0,1.0
1,261,1392.0,50.0,1.0
1,262,1397.0,51.0,1.0
1,263,1395.0,51.0,1.0
1,264,1403.0,52.0,1.0
1,265,1408.0,53.0,1.0
1,266,1407.0,51.0,1.0
1,267,1418.0,52.0,1.0
1,268,-1.0,-1.0,1.0
1,269,-1.0,-1.0,1.0
1,270,1434.0,52.0,1.0
1,271,1439.0,52.0,1.0
1,272,1439.0,49.0,1.0
1,273,1446.0,51.0,1.0
1,274,1450.0,51.0,1.0
1,900,1568.0,52.0,-1.0
1,901,1558.0,54.0,-1.0
1,902,1555.0,51.0,-1.0
1,903,1546.0,51.0,-1.0
1,904,1544.0,54.0,-1.0
1,905,1542.0,55.0,-1.0
1,906,1533.0,55.0,-1.0
1,907,1532.0,53.0,-1.0
1,908,1527.0,57.0,-1.0
1,909,1502.0,57.0,-1.0
1,910,1505.0,55.0,-1.0
1,911,1505.0,55.0,-1.0
1,912,1504.0,54.0,-1.0
1,913,1500.0,54.0,-1.0
1,914,1496.0,52.0,-1.0
1,915,1494.0,55.0,-1.0
1,916,1488.0,54.0,-1.0
1,917,1488.0,54.0,-1.0
1,918,1478.0,54.0,-1.0
1,919,-1.0,-1.0,-1.0
1,920,-1.0,-1.0,-1.0
1,921,-1.0,-1.0,-1.0
1,922,-1.0,-1.0,-1.0
1,923,-1.0,-1.0,-1.0
1,924,1445.0,53.0,-1.0
1,925,-1.0,-1.0,-1.0
1,926,-1.0,-1.0,-1.0
1,927,-1.0,-1.0,-1.0
1,928,1429.0,58.0,-1.0
1,929,1420.0,56.0,-1.0
1,930,1419.0,56.0,-1.0
1,931,1418.0,55.0,-1.0
1,932,1415.0,55.0,-1.0
1,933,1410.0,55.0,-1.0
1,934,1404.0,58.0,-1.0
1,935,1408.0,61.0,-1.0
1,936,1403.0,62.0,-1.0
1,937,1405.0,64.0,-1.0
1,938,-1.0,-1.0,-1.0
1,939,-1.0,-1.0,-1.0
1,940,-1.0,-1.0,-1.0
1,941,-1.0,-1.0,-1.0
1,942,1372.0,57.0,-1.0
1,943,1368.0,58.0,-1.0
1,944,1366.0,58.0,-1.0
1,945,-1.0,-1.0,-1.0
1,946,1355.0,63.0,-1.0
1,947,1352.0,66.0,-1.0
1,948,1342.0,66.0,-1.0
1,949,-1.0,-1.0,-1.0
1,950,-1.0,-1.0,-1.0
1,951,-1.0,-1.0,-1.0
1,952,-1.0,-1.0,-1.0
1,953,-1.0,-1.0,-1.0
1,954,-1.0,-1.0,-1.0
1,955,-1.0,-1.0,-1.0
1,956,-1.0,-1.0,-1.0
1,957,-1.0,-1.0,-1.0
1,958,1299.0,63.0,-1.0
1,959,1292.0,63.0,-1.0
1,960,1290.0,63.0,-1.0
1,961,1284.0,63.0,-1.0
1,962,1280.0,63.0,-1.0
1,963,1272.0,64.0,-1.0
1,964,1271.0,64.0,-1.0
1,965,1262.0,64.0,-1.0
1,966,1259.0,66.0,-1.0
1,967,1251.0,67.0,-1.0
1,968,1245.0,67.0,-1.0
1,969,1240.0,65.0,-1.0
1,970,1239.0,60.0,-1.0
1,971,1235.0,60.0,-1.0
1,972,1230.0,60.0,-1.0
1,973,1230.0,61.0,-1.0
1,974,1226.0,63.0,-1.0
1,975,1226.0,64.0,-1.0
1,976,1219.0,64.0,-1.0
1,977,1217.0,64.0,-1.0
1,978,1212.0,64.0,-1.0
1,979,1205.0,62.0,-1.0
1,980,-1.0,-1.0,-1.0
1,981,-1.0,-1.0,-1.0
1,982,-1.0,-1.0,-1.0
1,983,1176.0,61.0,-1.0
1,984,-1.0,-1.0,-1.0
1,985,1176.0,62.0,-1.0
1,986,1169.0,59.0,-1.0
1,987,1166.0,61.0,-1.0
1,988,1166.0,61.0,-1.0
1,989,1160.0,67.0,-1.0
1,990,1160.0,64.0,-1.0
1,991,1156.0,70.0,-1.0
1,992,1150.0,62.0,-1.0
1,993,1150.0,66.0,-1.0
1,994,1140.0,64.0,-1.0
1,995,1139.0,66.0,-1.0
1,996,1130.0,72.0,-1.0
1,997,1117.0,69.0,-1.0
1,998,1128.0,72.0,-1.0
1,999,1118.0,72.0,-1.0
1,1000,1119.0,72.0,-1.0
1,1001,1115.0,72.0,-1.0
1,1002,1110.0,76.0,-1.0
1,1003,1106.0,76.0,-1.0
1,1004,1105.0,69.0,-1.0
1,1005,1096.0,71.0,-1.0
1,1006,1095.0,67.0,-1.0
1,1007,1090.0,67.0,-1.0
1,1008,1092.0,65.0,-1.0
1,1009,-1.0,-1.0,-1.0
1,1010,-1.0,-1.0,-1.0
1,1011,-1.0,-1.0,-1.0
1,1012,1068.0,70.0,-1.0
1,1013,1052.0,71.0,-1.0
1,1014,-1.0,-1.0,-1.0
1,1015,-1.0,-1.0,-1.0
1,1016,1046.0,68.0,-1.0
1,1017,1031.0,70.0,-1.0
1,1018,-1.0,-1.0,-1.0
1,1019,1030.0,67.0,-1.0
1,1020,1026.0,66.0,-1.0
1,1021,1027.0,66.0,-1.0
1,1022,1017.0,70.0,-1.0
1,1023,1019.0,64.0,-1.0
1,1024,1013.0,65.0,-1.0
1,1025,1006.0,71.0,-1.0
1,1026,-1.0,-1.0,-1.0
1,1027,-1.0,-1.0,-1.0
1,1028,-1.0,-1.0,-1.0
1,1029,-1.0,-1.0,-1.0
1,1030,-1.0,-1.0,-1.0
1,1031,-1.0,-1.0,-1.0
1,1032,-1.0,-1.0,-1.0
1,1033,-1.0,-1.0,-1.0
1,1034,-1.0,-1.0,-1.0
1,1035,-1.0,-1.0,-1.0
1,1036,962.0,71.0,-1.0
1,1037,-1.0,-1.0,-1.0
1,1038,959.0,70.0,-1.0
1,1039,-1.0,-1.0,-1.0
1,1040,-1.0,-1.0,-1.0
1,1041,954.0,84.0,-1.0
1,1042,-2.0,-2.0,-1.0
1,1043,924.0,74.0,-1.0
1,1044,929.0,75.0,-1.0
1,1045,922.0,76.0,-1.0
1,1046,914.0,77.0,-1.0
1,1047,912.0,80.0,-1.0
1,1048,907.0,79.0,-1.0
1,1049,905.0,82.0,-1.0
1,1050,899.0,78.0,-1.0
1,1051,896.0,76.0,-1.0
1,1052,892.0,75.0,-1.0
1,1053,892.0,76.0,-1.0
1,1054,-1.0,-1.0,-1.0
1,1055,880.0,78.0,-1.0
1,1056,882.0,79.0,-1.0
1,1057,874.0,80.0,-1.0
1,1058,864.0,74.0,-1.0
1,1059,864.0,78.0,-1.0
1,1060,856.0,81.0,-1.0
1,1061,854.0,78.0,-1.0
1,1062,848.0,81.0,-1.0
1,1063,848.0,76.0,-1.0
1,1064,839.0,76.0,-1.0
1,1065,836.0,79.0,-1.0
1,1066,838.0,78.0,-1.0
1,1067,833.0,80.0,-1.0
1,1068,-1.0,-1.0,-1.0
1,1069,-1.0,-1.0,-1.0
1,1070,-1.0,-1.0,-1.0
1,1071,-1.0,-1.0,-1.0
1,1072,-1.0,-1.0,-1.0
1,1073,-1.0,-1.0,-1.0
1,1074,795.0,73.0,-1.0
1,1075,799.0,66.0,-1.0
1,1076,-2.0,-2.0,-1.0
1,1077,788.0,67.0,-1.0
1,1078,783.0,65.0,-1.0
1,1079,777.0,69.0,-1.0
1,1080,772.0,67.0,-1.0
1,1081,771.0,70.0,-1.0
1,1082,760.0,66.0,-1.0
1,1083,753.0,67.0,-1.0
1,1084,752.0,66.0,-1.0
1,1085,746.0,70.0,-1.0
1,1086,-2.0,-2.0,-1.0
1,1087,738.0,70.0,-1.0
1,1088,737.0,69.0,-1.0
1,1089,736.0,76.0,-1.0
1,1090,-1.0,-1.0,-1.0
1,1091,-1.0,-1.0,-1.0
1,1092,-1.0,-1.0,-1.0
1,1093,716.0,66.0,-1.0
1,1094,718.0,70.0,-1.0
1,1095,711.0,69.0,-1.0
1,1096,705.0,67.0,-1.0
1,1097,699.0,69.0,-1.0
1,1098,692.0,78.0,-1.0
1,1099,-1.0,-1.0,-1.0
1,1100,-1.0,-1.0,-1.0
1,1101,-1.0,-1.0,-1.0
1,1102,-1.0,-1.0,-1.0
1,1103,-1.0,-1.0,-1.0
1,1104,676.0,70.0,-1.0
1,1105,-1.0,-1.0,-1.0
1,1106,-1.0,-1.0,-1.0
1,1107,-1.0,-1.0,-1.0
1,1108,-1.0,-1.0,-1.0
1,1109,649.0,72.0,-1.0
1,1110,648.0,68.0,-1.0
1,1111,641.0,70.0,-1.0
1,1112,637.0,69.0,-1.0
1,1113,632.0,73.0,-1.0
1,1114,621.0,69.0,-1.0
1,1115,-1.0,-1.0,-1.0
1,1116,-1.0,-1.0,-1.0
1,1117,-1.0,-1.0,-1.0
1,1118,-1.0,-1.0,-1.0
1,1119,-1.0,-1.0,-1.0
1,1120,-1.0,-1.0,-1.0
1,1121,603.0,74.0,-1.0
1,1122,595.0,75.0,-1.0
1,1123,592.0,76.0,-1.0
1,1124,587.0,73.0,-1.0
1,1125,588.0,72.0,-1.0
1,1126,582.0,72.0,-1.0
1,1127,577.0,71.0,-1.0
1,1128,573.0,68.0,-1.0
1,1129,-1.0,-1.0,-1.0
1,1130,-1.0,-1.0,-1.0
1,1131,-1.0,-1.0,-1.0
1,1132,-1.0,-1.0,-1.0
1,1133,556.0,63.0,-1.0
1,1134,551.0,63.0,-1.0
1,1135,544.0,63.0,-1.0
1,1136,535.0,64.0,-1.0
1,1137,532.0,66.0,-1.0
1,1138,529.0,67.0,-1.0
1,1139,527.0,66.0,-1.0
1,1140,-2.0,-2.0,-1.0
1,1141,515.0,66.0,-1.0
1,1142,512.0,68.0,-1.0
1,1143,507.0,71.0,-1.0
1,1144,501.0,72.0,-1.0
1,1145,491.0,75.0,-1.0
1,1146,491.0,70.0,-1.0
1,1147,486.0,70.0,-1.0
1,1148,-1.0,-1.0,-1.0
1,1149,-1.0,-1.0,-1.0
1,1150,-1.0,-1.0,-1.0
1,1151,-1.0,-1.0,-1.0
1,1152,473.0,72.0,-1.0
1,1153,462.0,73.0,-1.0
1,1154,462.0,73.0,-1.0
1,1155,454.0,73.0,-1.0
1,1156,445.0,72.0,-1.0
1,1157,453.0,72.0,-1.0
1,1158,448.0,69.0,-1.0
1,1159,-1.0,-1.0,-1.0
1,1160,-1.0,-1.0,-1.0
1,1161,-1.0,-1.0,-1.0
1,1162,-1.0,-1.0,-1.0
1,1163,-1.0,-1.0,-1.0
1,1164,-1.0,-1.0,-1.0
1,1165,-1.0,-1.0,-1.0
1,1166,-1.0,-1.0,-1.0
1,1167,-1.0,-1.0,-1.0
1,1168,-1.0,-1.0,-1.0
1,1169,395.0,69.0,-1.0
1,1170,390.0,63.0,-1.0
1,1171,391.0,62.0,-1.0
1,1172,-2.0,-2.0,-1.0
1,1173,381.0,66.0,-1.0
1,1174,382.0,67.0,-1.0
1,1175,374.0,70.0,-1.0
1,1176,-1.0,-1.0,-1.0
1,1177,-1.0,-1.0,-1.0
1,1178,-1.0,-1.0,-1.0
1,1179,-1.0,-1.0,-1.0
1,1180,-1.0,-1.0,-1.0
1,1181,-1.0,-1.0,-1.0
1,1182,-1.0,-1.0,-1.0
1,1183,-1.0,-1.0,-1.0
1,1184,338.0,69.0,-1.0
1,1185,337.0,68.0,-1.0
1,1186,-1.0,-1.0,-1.0
1,1187,-1.0,-1.0,-1.0
1,1188,-1.0,-1.0,-1.0
1,1189,316.0,66.0,-1.0
1,1190,314.0,64.0,-1.0
1,1191,312.0,65.0,-1.0
1,1192,-1.0,-1.0,-1.0
1,1193,-1.0,-1.0,-1.0
1,1194,-1.0,-1.0,-1.0
1,1195,-1.0,-1.0,-1.0
1,1196,-1.0,-1.0,-1.0
1,1197,278.0,72.0,-1.0
1,1198,275.0,73.0,-1.0
1,1199,277.0,72.0,-1.0
2,50,-1.0,-1.0,1.0
2,51,-1.0,-1.0,1.0
2,52,-1.0,-1.0,1.0
2,53,-1.0,-1.0,1.0
2,54,-1.0,-1.0,1.0
2,55,-1.0,-1.0,1.0
2,56,-1.0,-1.0,1.0
2,57,-1.0,-1.0,1.0
2,58,-1.0,-1.0,1.0
2,59,-1.0,-1.0,1.0
2,60,-1.0,-1.0,1.0
2,61,-1.0,-1.0,1.0
2,62,-1.0,-1.0,1.0
2,63,-1.0,-1.0,1.0
2,64,-1.0,-1.0,1.0
2,65,-1.0,-1.0,1.0
2,66,458.0,96.0,1.0
2,67,464.0,95.0,1.0
2,68,471.0,94.0,1.0
2,69,479.0,94.0,1.0
2,70,483.0,93.0,1.0
2,71,490.0,93.0,1.0
2,72,491.0,91.0,1.0
2,73,501.0,91.0,1.0
2,74,506.0,91.0,1.0
2,75,510.0,91.0,1.0
2,76,519.0,89.0,1.0
2,77,524.0,90.0,1.0
2,78,527.0,89.0,1.0
2,79,534.0,88.0,1.0
2,80,539.0,87.0,1.0
2,81,539.0,87.0,1.0
2,82,550.0,85.0,1.0
2,83,555.0,85.0,1.0
2,84,562.0,85.0,1.0
2,85,568.0,84.0,1.0
2,86,571.0,84.0,1.0
2,87,573.0,83.0,1.0
2,88,582.0,81.0,1.0
2,89,587.0,83.0,1.0
2,90,591.0,80.0,1.0
2,91,592.0,79.0,1.0
2,92,596.0,77.0,1.0
2,93,602.0,79.0,1.0
2,94,609.0,77.0,1.0
2,95,617.0,76.0,1.0
2,96,620.0,73.0,1.0
2,97,626.0,74.0,1.0
2,98,631.0,72.0,1.0
2,99,633.0,70.0,1.0
2,100,643.0,69.0,1.0
2,101,647.0,68.0,1.0
2,102,647.0,68.0,1.0
2,103,654.0,67.0,1.0
2,104,661.0,60.0,1.0
2,105,661.0,60.0,1.0
2,106,668.0,60.0,1.0
2,107,675.0,61.0,1.0
2,108,680.0,59.0,1.0
2,109,687.0,59.0,1.0
2,110,692.0,59.0,1.0
2,111,699.0,60.0,1.0
2,112,702.0,64.0,1.0
2,113,706.0,64.0,1.0
2,114,-2.0,-2.0,1.0
2,115,718.0,58.0,1.0
2,116,715.0,58.0,1.0
2,117,726.0,52.0,1.0
2,118,735.0,57.0,1.0
2,119,735.0,57.0,1.0
2,120,742.0,54.0,1.0
2,121,743.0,54.0,1.0
2,122,749.0,58.0,1.0
2,123,756.0,66.0,1.0
2,124,761.0,66.0,1.0
2,125,768.0,66.0,1.0
2,126,772.0,66.0,1.0
2,127,774.0,66.0,1.0
2,128,780.0,67.0,1.0
2,129,792.0,67.0,1.0
2,130,795.0,66.0,1.0
2,131,801.0,66.0,1.0
2,132,806.0,66.0,1.0
2,133,811.0,64.0,1.0
2,134,819.0,64.0,1.0
2,135,819.0,64.0,1.0
2,136,823.0,64.0,1.0
2,137,826.0,61.0,1.0
2,138,835.0,61.0,1.0
2,139,840.0,61.0,1.0
2,140,840.0,64.0,1.0
2,141,847.0,58.0,1.0
2,142,856.0,52.0,1.0
2,143,862.0,54.0,1.0
2,144,-2.0,-2.0,1.0
2,145,885.0,52.0,1.0
2,146,885.0,58.0,1.0
2,147,886.0,58.0,1.0
2,148,890.0,61.0,1.0
2,149,894.0,58.0,1.0
2,150,898.0,58.0,1.0
2,151,910.0,61.0,1.0
2,152,-1.0,-1.0,1.0
2,153,-1.0,-1.0,1.0
2,154,-1.0,-1.0,1.0
2,155,-1.0,-1.0,1.0
2,156,-1.0,-1.0,1.0
2,157,-1.0,-1.0,1.0
2,158,939.0,63.0,1.0
2,159,939.0,63.0,1.0
2,160,946.0,61.0,1.0
2,161,948.0,60.0,1.0
2,162,952.0,61.0,1.0
2,163,957.0,61.0,1.0
2,164,967.0,63.0,1.0
2,165,967.0,63.0,1.0
2,166,975.0,63.0,1.0
2,167,-1.0,-1.0,1.0
2,168,985.0,60.0,1.0
2,169,-1.0,-1.0,1.0
2,170,-1.0,-1.0,1.0
2,171,1000.0,63.0,1.0
2,172,1007.0,63.0,1.0
2,173,1015.0,64.0,1.0
2,174,1017.0,64.0,1.0
2,175,1025.0,66.0,1.0
2,176,1027.0,65.0,1.0
2,177,1029.0,64.0,1.0
2,178,1036.0,66.0,1.0
2,179,1036.0,66.0,1.0
2,180,1037.0,66.0,1.0
2,181,1043.0,69.0,1.0
2,182,-1.0,-1.0,1.0
2,183,-1.0,-1.0,1.0
2,184,-1.0,-1.0,1.0
2,185,1077.0,61.0,1.0
2,186,1083.0,59.0,1.0
2,187,-1.0,-1.0,1.0
2,188,1083.0,60.0,1.0
2,189,-1.0,-1.0,1.0
2,190,-1.0,-1.0,1.0
2,191,1099.0,59.0,1.0
2,192,1104.0,61.0,1.0
2,193,-1.0,-1.0,1.0
2,194,1117.0,54.0,1.0
2,195,1119.0,54.0,1.0
2,196,1127.0,56.0,1.0
2,197,1139.0,57.0,1.0
2,198,1140.0,59.0,1.0
2,199,1148.0,60.0,1.0
2,200,1152.0,61.0,1.0
2,201,1152.0,59.0,1.0
2,202,1157.0,53.0,1.0
2,203,1165.0,57.0,1.0
2,204,1168.0,57.0,1.0
2,205,1177.0,50.0,1.0
2,206,-1.0,-1.0,1.0
2,207,1188.0,57.0,1.0
2,208,-1.0,-1.0,1.0
2,209,-1.0,-1.0,1.0
2,210,-1.0,-1.0,1.0
2,211,-1.0,-1.0,1.0
2,212,-1.0,-1.0,1.0
2,213,-1.0,-1.0,1.0
2,214,1213.0,58.0,1.0
2,215,1220.0,55.0,1.0
2,216,-1.0,-1.0,1.0
2,217,-1.0,-1.0,1.0
2,218,-1.0,-1.0,1.0
2,219,1239.0,58.0,1.0
2,220,1246.0,57.0,1.0
2,221,1250.0,62.0,1.0
2,222,1256.0,58.0,1.0
2,223,1258.0,55.0,1.0
2,224,-1.0,-1.0,1.0
2,225,-1.0,-1.0,1.0
2,226,-1.0,-1.0,1.0
2,227,-1.0,-1.0,1.0
2,228,1283.0,63.0,1.0
2,229,1289.0,61.0,1.0
2,230,-1.0,-1.0,1.0
2,231,-1.0,-1.0,1.0
2,232,-1.0,-1.0,1.0
2,233,1303.0,64.0,1.0
2,234,-1.0,-1.0,1.0
2,235,-1.0,-1.0,1.0
2,236,-1.0,-1.0,1.0
2,237,-1.0,-1.0,1.0
2,238,-1.0,-1.0,1.0
2,239,-1.0,-1.0,1.0
2,240,-2.0,-2.0,1.0
2,241,-1.0,-1.0,1.0
2,242,-1.0,-1.0,1.0
2,243,-1.0,-1.0,1.0
2,244,-1.0,-1.0,1.0
2,245,1370.0,52.0,1.0
2,246,1375.0,52.0,1.0
2,247,1379.0,48.0,1.0
2,248,1384.0,48.0,1.0
2,249,1392.0,51.0,1.0
2,250,1407.0,53.0,1.0
2,251,1408.0,54.0,1.0
2,252,-1.0,-1.0,1.0
2,253,-1.0,-1.0,1.0
2,254,1415.0,53.0,1.0
2,255,-1.0,-1.0,1.0
2,256,-1.0,-1.0,1.0
2,257,1433.0,60.0,1.0
2,258,-1.0,-1.0,1.0
2,259,-1.0,-1.0,1.0
2,260,-1.0,-1.0,1.0
2,261,-1.0,-1.0,1.0
2,262,-1.0,-1.0,1.0
2,263,-1.0,-1.0,1.0
2,264,-1.0,-1.0,1.0
2,265,-1.0,-1.0,1.0
2,266,-2.0,-2.0,1.0
2,267,-1.0,-1.0,1.0
2,268,-1.0,-1.0,1.0
2,269,-1.0,-1.0,1.0
2,270,1495.0,58.0,1.0
2,271,-1.0,-1.0,1.0
2,272,1503.0,58.0,1.0
2,273,1508.0,62.0,1.0
2,274,1508.0,62.0,1.0
2,900,-1.0,-1.0,-1.0
2,901,-1.0,-1.0,-1.0
2,902,1456.0,26.0,-1.0
2,903,1456.0,26.0,-1.0
2,904,1445.0,26.0,-1.0
2,905,1442.0,26.0,-1.0
2,906,1431.0,24.0,-1.0
2,907,1430.0,24.0,-1.0
2,908,1426.0,24.0,-1.0
2,909,1417.0,24.0,-1.0
2,910,1410.0,24.0,-1.0
2,911,1413.0,29.0,-1.0
2,912,1407.0,33.0,-1.0
2,913,1403.0,28.0,-1.0
2,914,1402.0,32.0,-1.0
2,915,1396.0,33.0,-1.0
2,916,1394.0,28.0,-1.0
2,917,1378.0,33.0,-1.0
2,918,-1.0,-1.0,-1.0
2,919,-1.0,-1.0,-1.0
2,920,-1.0,-1.0,-1.0
2,921,-1.0,-1.0,-1.0
2,922,-1.0,-1.0,-1.0
2,923,-1.0,-1.0,-1.0
2,924,-1.0,-1.0,-1.0
2,925,1352.0,33.0,-1.0
2,926,1348.0,36.0,-1.0
2,927,-1.0,-1.0,-1.0
2,928,-1.0,-1.0,-1.0
2,929,-1.0,-1.0,-1.0
2,930,-1.0,-1.0,-1.0
2,931,1327.0,31.0,-1.0
2,932,1322.0,33.0,-1.0
2,933,1314.0,37.0,-1.0
2,934,1313.0,37.0,-1.0
2,935,1313.0,33.0,-1.0
2,936,1293.0,33.0,-1.0
2,937,-1.0,-1.0,-1.0
2,938,1297.0,30.0,-1.0
2,939,1293.0,36.0,-1.0
2,940,1287.0,36.0,-1.0
2,941,1282.0,36.0,-1.0
2,942,1278.0,37.0,-1.0
2,943,1273.0,38.0,-1.0
2,944,1266.0,40.0,-1.0
2,945,1260.0,42.0,-1.0
2,946,1254.0,38.0,-1.0
2,947,1258.0,42.0,-1.0
2,948,-1.0,-1.0,-1.0
2,949,-1.0,-1.0,-1.0
2,950,-1.0,-1.0,-1.0
2,951,-1.0,-1.0,-1.0
2,952,-1.0,-1.0,-1.0
2,953,-1.0,-1.0,-1.0
2,954,-1.0,-1.0,-1.0
2,955,-1.0,-1.0,-1.0
2,956,-1.0,-1.0,-1.0
2,957,1214.0,34.0,-1.0
2,958,1213.0,33.0,-1.0
2,959,1207.0,36.0,-1.0
2,960,1204.0,31.0,-1.0
2,961,1201.0,31.0,-1.0
2,962,1196.0,29.0,-1.0
2,963,1190.0,33.0,-1.0
2,964,1188.0,33.0,-1.0
2,965,1179.0,36.0,-1.0
2,966,1179.0,33.0,-1.0
2,967,-1.0,-1.0,-1.0
2,968,-1.0,-1.0,-1.0
2,969,-1.0,-1.0,-1.0
2,970,-1.0,-1.0,-1.0
2,971,-1.0,-1.0,-1.0
2,972,1146.0,38.0,-1.0
2,973,1142.0,38.0,-1.0
2,974,1136.0,38.0,-1.0
2,975,1128.0,44.0,-1.0
2,976,1131.0,42.0,-1.0
2,977,1123.0,44.0,-1.0
2,978,1122.0,45.0,-1.0
2,979,1119.0,51.0,-1.0
2,980,-1.0,-1.0,-1.0
2,981,-1.0,-1.0,-1.0
2,982,-1.0,-1.0,-1.0
2,983,-1.0,-1.0,-1.0
2,984,-1.0,-1.0,-1.0
2,985,-1.0,-1.0,-1.0
2,986,-1.0,-1.0,-1.0
2,987,-1.0,-1.0,-1.0
2,988,-1.0,-1.0,-1.0
2,989,-1.0,-1.0,-1.0
2,990,-1.0,-1.0,-1.0
2,991,-1.0,-1.0,-1.0
2,992,-1.0,-1.0,-1.0
2,993,1060.0,37.0,-1.0
2,994,1055.0,39.0,-1.0
2,995,1052.0,34.0,-1.0
2,996,1047.0,36.0,-1.0
2,997,1043.0,35.0,-1.0
2,998,1028.0,29.0,-1.0
2,999,1030.0,36.0,-1.0
2,1000,1032.0,36.0,-1.0
2,1001,1025.0,37.0,-1.0
2,1002,1025.0,37.0,-1.0
2,1003,1016.0,37.0,-1.0
2,1004,1013.0,38.0,-1.0
2,1005,1008.0,37.0,-1.0
2,1006,1006.0,44.0,-1.0
2,1007,-1.0,-1.0,-1.0
2,1008,-1.0,-1.0,-1.0
2,1009,-1.0,-1.0,-1.0
2,1010,-1.0,-1.0,-1.0
2,1011,-1.0,-1.0,-1.0
2,1012,-1.0,-1.0,-1.0
2,1013,-1.0,-1.0,-1.0
2,1014,-1.0,-1.0,-1.0
2,1015,-1.0,-1.0,-1.0
2,1016,-1.0,-1.0,-1.0
2,1017,961.0,33.0,-1.0
2,1018,959.0,34.0,-1.0
2,1019,953.0,33.0,-1.0
2,1020,953.0,33.0,-1.0
2,1021,944.0,33.0,-1.0
2,1022,940.0,33.0,-1.0
2,1023,935.0,35.0,-1.0
2,1024,934.0,35.0,-1.0
2,1025,930.0,34.0,-1.0
2,1026,928.0,34.0,-1.0
2,1027,922.0,33.0,-1.0
2,1028,917.0,30.0,-1.0
2,1029,909.0,30.0,-1.0
2,1030,909.0,31.0,-1.0
2,1031,902.0,31.0,-1.0
2,1032,898.0,31.0,-1.0
2,1033,-1.0,-1.0,-1.0
2,1034,-1.0,-1.0,-1.0
2,1035,881.0,40.0,-1.0
2,1036,881.0,36.0,-1.0
2,1037,884.0,37.0,-1.0
2,1038,-1.0,-1.0,-1.0
2,1039,-1.0,-1.0,-1.0
2,1040,-1.0,-1.0,-1.0
2,1041,-1.0,-1.0,-1.0
2,1042,-1.0,-1.0,-1.0
2,1043,-1.0,-1.0,-1.0
2,1044,-1.0,-1.0,-1.0
2,1045,-1.0,-1.0,-1.0
2,1046,-1.0,-1.0,-1.0
2,1047,-1.0,-1.0,-1.0
2,1048,834.0,39.0,-1.0
2,1049,832.0,40.0,-1.0
2,1050,827.0,38.0,-1.0
2,1051,821.0,34.0,-1.0
2,1052,820.0,37.0,-1.0
2,1053,811.0,33.0,-1.0
2,1054,805.0,34.0,-1.0
2,1055,805.0,34.0,-1.0
2,1056,802.0,34.0,-1.0
2,1057,795.0,36.0,-1.0
2,1058,792.0,37.0,-1.0
2,1059,786.0,36.0,-1.0
2,1060,779.0,36.0,-1.0
2,1061,777.0,33.0,-1.0
2,1062,778.0,34.0,-1.0
2,1063,773.0,38.0,-1.0
2,1064,765.0,37.0,-1.0
2,1065,764.0,38.0,-1.0
2,1066,757.0,42.0,-1.0
2,1067,753.0,43.0,-1.0
2,1068,749.0,45.0,-1.0
2,1069,741.0,42.0,-1.0
2,1070,-1.0,-1.0,-1.0
2,1071,-1.0,-1.0,-1.0
2,1072,-1.0,-1.0,-1.0
2,1073,-1.0,-1.0,-1.0
2,1074,722.0,48.0,-1.0
2,1075,-1.0,-1.0,-1.0
2,1076,-1.0,-1.0,-1.0
2,1077,-1.0,-1.0,-1.0
2,1078,-1.0,-1.0,-1.0
2,1079,-1.0,-1.0,-1.0
2,1080,704.0,39.0,-1.0
2,1081,698.0,39.0,-1.0
2,1082,696.0,40.0,-1.0
2,1083,692.0,38.0,-1.0
2,1084,688.0,36.0,-1.0
2,1085,687.0,38.0,-1.0
2,1086,683.0,36.0,-1.0
2,1087,676.0,36.0,-1.0
2,1088,670.0,36.0,-1.0
2,1089,667.0,37.0,-1.0
2,1090,-1.0,-1.0,-1.0
2,1091,654.0,33.0,-1.0
2,1092,-1.0,-1.0,-1.0
2,1093,-1.0,-1.0,-1.0
2,1094,-1.0,-1.0,-1.0
2,1095,-1.0,-1.0,-1.0
2,1096,639.0,33.0,-1.0
2,1097,638.0,33.0,-1.0
2,1098,627.0,33.0,-1.0
2,1099,613.0,39.0,-1.0
2,1100,616.0,43.0,-1.0
2,1101,610.0,40.0,-1.0
2,1102,604.0,51.0,-1.0
2,1103,-1.0,-1.0,-1.0
2,1104,-1.0,-1.0,-1.0
2,1105,-1.0,-1.0,-1.0
2,1106,-1.0,-1.0,-1.0
2,1107,-1.0,-1.0,-1.0
2,1108,-1.0,-1.0,-1.0
2,1109,-1.0,-1.0,-1.0
2,1110,-1.0,-1.0,-1.0
2,1111,-1.0,-1.0,-1.0
2,1112,-1.0,-1.0,-1.0
2,1113,-1.0,-1.0,-1.0
2,1114,-1.0,-1.0,-1.0
2,1115,-1.0,-1.0,-1.0
2,1116,561.0,53.0,-1.0
2,1117,557.0,37.0,-1.0
2,1118,545.0,40.0,-1.0
2,1119,545.0,42.0,-1.0
2,1120,541.0,45.0,-1.0
2,1121,538.0,37.0,-1.0
2,1122,532.0,43.0,-1.0
2,1123,522.0,42.0,-1.0
2,1124,523.0,43.0,-1.0
2,1125,519.0,41.0,-1.0
2,1126,515.0,40.0,-1.0
2,1127,514.0,40.0,-1.0
2,1128,510.0,41.0,-1.0
2,1129,508.0,40.0,-1.0
2,1130,502.0,41.0,-1.0
2,1131,495.0,45.0,-1.0
2,1132,496.0,45.0,-1.0
2,1133,487.0,44.0,-1.0
2,1134,482.0,46.0,-1.0
2,1135,487.0,52.0,-1.0
2,1136,-1.0,-1.0,-1.0
2,1137,-1.0,-1.0,-1.0
2,1138,-1.0,-1.0,-1.0
2,1139,-1.0,-1.0,-1.0
2,1140,-1.0,-1.0,-1.0
2,1141,-1.0,-1.0,-1.0
2,1142,-1.0,-1.0,-1.0
2,1143,454.0,46.0,-1.0
2,1144,451.0,48.0,-1.0
2,1145,438.0,48.0,-1.0
2,1146,424.0,48.0,-1.0
2,1147,424.0,48.0,-1.0
2,1148,419.0,48.0,-1.0
2,1149,-1.0,-1.0,-1.0
2,1150,421.0,50.0,-1.0
2,1151,420.0,50.0,-1.0
2,1152,414.0,50.0,-1.0
2,1153,414.0,48.0,-1.0
2,1154,414.0,48.0,-1.0
2,1155,406.0,49.0,-1.0
2,1156,399.0,46.0,-1.0
2,1157,397.0,42.0,-1.0
2,1158,393.0,42.0,-1.0
2,1159,384.0,43.0,-1.0
2,1160,387.0,42.0,-1.0
2,1161,374.0,46.0,-1.0
2,1162,371.0,48.0,-1.0
2,1163,367.0,50.0,-1.0
2,1164,365.0,47.0,-1.0
2,1165,362.0,46.0,-1.0
2,1166,358.0,46.0,-1.0
2,1167,346.0,49.0,-1.0
2,1168,-1.0,-1.0,-1.0
2,1169,-1.0,-1.0,-1.0
2,1170,-1.0,-1.0,-1.0
2,1171,-1.0,-1.0,-1.0
2,1172,-1.0,-1.0,-1.0
2,1173,-1.0,-1.0,-1.0
2,1174,-1.0,-1.0,-1.0
2,1175,331.0,51.0,-1.0
2,1176,324.0,53.0,-1.0
2,1177,318.0,54.0,-1.0
2,1178,312.0,54.0,-1.0
2,1179,309.0,53.0,-1.0
2,1180,309.0,53.0,-1.0
2,1181,-1.0,-1.0,-1.0
2,1182,297.0,55.0,-1.0
2,1183,-1.0,-1.0,-1.0
2,1184,-1.0,-1.0,-1.0
2,1185,-1.0,-1.0,-1.0
2,1186,-1.0,-1.0,-1.0
2,1187,-1.0,-1.0,-1.0
2,1188,271.0,48.0,-1.0
2,1189,265.0,48.0,-1.0
2,1190,260.0,51.0,-1.0
2,1191,257.0,51.0,-1.0
2,1192,253.0,51.0,-1.0
2,1193,253.0,51.0,-1.0
2,1194,253.0,51.0,-1.0
2,1195,252.0,51.0,-1.0
2,1196,241.0,51.0,-1.0
2,1197,231.0,51.0,-1.0
2,1198,225.0,51.0,-1.0
2,1199,225.0,51.0,-1.0
3,50,305.0,87.0,1.0
3,51,-1.0,-1.0,1.0
3,52,-1.0,-1.0,1.0
3,53,-1.0,-1.0,1.0
3,54,-1.0,-1.0,1.0
3,55,-1.0,-1.0,1.0
3,56,-2.0,-2.0,1.0
3,57,-1.0,-1.0,1.0
3,58,-2.0,-2.0,1.0
3,59,-2.0,-2.0,1.0
3,60,-2.0,-2.0,1.0
3,61,-1.0,-1.0,1.0
3,62,-2.0,-2.0,1.0
3,63,-1.0,-1.0,1.0
3,64,-1.0,-1.0,1.0
3,65,-1.0,-1.0,1.0
3,66,-1.0,-1.0,1.0
3,67,-1.0,-1.0,1.0
3,68,-1.0,-1.0,1.0
3,69,450.0,103.0,1.0
3,70,455.0,103.0,1.0
3,71,454.0,106.0,1.0
3,72,467.0,103.0,1.0
3,73,465.0,104.0,1.0
3,74,479.0,102.0,1.0
3,75,489.0,99.0,1.0
3,76,493.0,102.0,1.0
3,77,499.0,99.0,1.0
3,78,503.0,98.0,1.0
3,79,507.0,98.0,1.0
3,80,512.0,99.0,1.0
3,81,517.0,98.0,1.0
3,82,525.0,97.0,1.0
3,83,530.0,94.0,1.0
3,84,531.0,96.0,1.0
3,85,544.0,93.0,1.0
3,86,544.0,93.0,1.0
3,87,548.0,93.0,1.0
3,88,552.0,93.0,1.0
3,89,559.0,93.0,1.0
3,90,566.0,91.0,1.0
3,91,569.0,93.0,1.0
3,92,572.0,91.0,1.0
3,93,576.0,90.0,1.0
3,94,581.0,90.0,1.0
3,95,585.0,88.0,1.0
3,96,588.0,87.0,1.0
3,97,594.0,88.0,1.0
3,98,599.0,87.0,1.0
3,99,604.0,89.0,1.0
3,100,606.0,87.0,1.0
3,101,611.0,87.0,1.0
3,102,616.0,84.0,1.0
3,103,621.0,83.0,1.0
3,104,627.0,83.0,1.0
3,105,632.0,83.0,1.0
3,106,636.0,81.0,1.0
3,107,642.0,80.0,1.0
3,108,644.0,79.0,1.0
3,109,651.0,81.0,1.0
3,110,655.0,78.0,1.0
3,111,659.0,76.0,1.0
3,112,662.0,74.0,1.0
3,113,669.0,71.0,1.0
3,114,673.0,73.0,1.0
3,115,680.0,70.0,1.0
3,116,683.0,69.0,1.0
3,117,689.0,68.0,1.0
3,118,694.0,66.0,1.0
3,119,699.0,64.0,1.0
3,120,705.0,63.0,1.0
3,121,711.0,65.0,1.0
3,122,712.0,63.0,1.0
3,123,717.0,65.0,1.0
3,124,725.0,63.0,1.0
3,125,728.0,62.0,1.0
3,126,730.0,63.0,1.0
3,127,734.0,59.0,1.0
3,128,740.0,57.0,1.0
3,129,746.0,56.0,1.0
3,130,752.0,56.0,1.0
3,131,757.0,53.0,1.0
3,132,763.0,58.0,1.0
3,133,768.0,58.0,1.0
3,134,772.0,59.0,1.0
3,135,779.0,61.0,1.0
3,136,783.0,60.0,1.0
3,137,788.0,61.0,1.0
3,138,-1.0,-1.0,1.0
3,139,-1.0,-1.0,1.0
3,140,803.0,58.0,1.0
3,141,805.0,60.0,1.0
3,142,812.0,63.0,1.0
3,143,815.0,63.0,1.0
3,144,822.0,62.0,1.0
3,145,827.0,64.0,1.0
3,146,835.0,63.0,1.0
3,147,843.0,61.0,1.0
3,148,845.0,63.0,1.0
3,149,847.0,65.0,1.0
3,150,851.0,64.0,1.0
3,151,857.0,63.0,1.0
3,152,861.0,63.0,1.0
3,153,869.0,64.0,1.0
3,154,864.0,63.0,1.0
3,155,870.0,62.0,1.0
3,156,-1.0,-1.0,1.0
3,157,-1.0,-1.0,1.0
3,158,-1.0,-1.0,1.0
3,159,-1.0,-1.0,1.0
3,160,-1.0,-1.0,1.0
3,161,-1.0,-1.0,1.0
3,162,912.0,58.0,1.0
3,163,914.0,63.0,1.0
3,164,920.0,62.0,1.0
3,165,927.0,61.0,1.0
3,166,-1.0,-1.0,1.0
3,167,930.0,66.0,1.0
3,168,934.0,66.0,1.0
3,169,936.0,68.0,1.0
3,170,943.0,67.0,1.0
3,171,952.0,62.0,1.0
3,172,959.0,58.0,1.0
3,173,961.0,61.0,1.0
3,174,969.0,57.0,1.0
3,175,971.0,61.0,1.0
3,176,977.0,62.0,1.0
3,177,984.0,62.0,1.0
3,178,988.0,61.0,1.0
3,179,991.0,60.0,1.0
3,180,1001.0,58.0,1.0
3,181,1001.0,58.0,1.0
3,182,1005.0,60.0,1.0
3,183,1002.0,55.0,1.0
3,184,1013.0,54.0,1.0
3,185,-1.0,-1.0,1.0
3,186,-1.0,-1.0,1.0
3,187,-1.0,-1.0,1.0
3,188,-1.0,-1.0,1.0
3,189,-1.0,-1.0,1.0
3,190,1040.0,59.0,1.0
3,191,1046.0,58.0,1.0
3,192,1051.0,60.0,1.0
3,193,1055.0,58.0,1.0
3,194,1059.0,58.0,1.0
3,195,1061.0,63.0,1.0
3,196,1071.0,61.0,1.0
3,197,1072.0,61.0,1.0
3,198,1077.0,63.0,1.0
3,199,1079.0,64.0,1.0
3,200,1088.0,55.0,1.0
3,201,1091.0,52.0,1.0
3,202,1098.0,50.0,1.0
3,203,1102.0,49.0,1.0
3,204,1111.0,47.0,1.0
3,205,1114.0,49.0,1.0
3,206,1119.0,43.0,1.0
3,207,1123.0,43.0,1.0
3,208,1130.0,46.0,1.0
3,209,1134.0,50.0,1.0
3,210,1137.0,53.0,1.0
3,211,1135.0,58.0,1.0
3,212,1141.0,58.0,1.0
3,213,1149.0,51.0,1.0
3,214,-1.0,-1.0,1.0
3,215,-1.0,-1.0,1.0
3,216,-1.0,-1.0,1.0
3,217,-1.0,-1.0,1.0
3,218,-1.0,-1.0,1.0
3,219,-1.0,-1.0,1.0
3,220,-1.0,-1.0,1.0
3,221,-1.0,-1.0,1.0
3,222,1191.0,58.0,1.0
3,223,1196.0,58.0,1.0
3,224,-1.0,-1.0,1.0
3,225,1209.0,59.0,1.0
3,226,-1.0,-1.0,1.0
3,227,-1.0,-1.0,1.0
3,228,-1.0,-1.0,1.0
3,229,-1.0,-1.0,1.0
3,230,1230.0,55.0,1.0
3,231,1239.0,56.0,1.0
3,232,1240.0,57.0,1.0
3,233,1243.0,56.0,1.0
3,234,1247.0,54.0,1.0
3,235,1254.0,53.0,1.0
3,236,1257.0,54.0,1.0
3,237,1265.0,47.0,1.0
3,238,1270.0,50.0,1.0
3,239,1272.0,50.0,1.0
3,240,1280.0,54.0,1.0
3,241,-1.0,-1.0,1.0
3,242,1283.0,58.0,1.0
3,243,1284.0,58.0,1.0
3,244,-1.0,-1.0,1.0
3,245,1303.0,54.0,1.0
3,246,-1.0,-1.0,1.0
3,247,-1.0,-1.0,1.0
3,248,-1.0,-1.0,1.0
3,249,-1.0,-1.0,1.0
3,250,-1.0,-1.0,1.0
3,251,-1.0,-1.0,1.0
3,252,-1.0,-1.0,1.0
3,253,-1.0,-1.0,1.0
3,254,1340.0,51.0,1.0
3,255,1345.0,52.0,1.0
3,256,1347.0,56.0,1.0
3,257,1352.0,55.0,1.0
3,258,1359.0,57.0,1.0
3,259,1363.0,54.0,1.0
3,260,1367.0,53.0,1.0
3,261,1373.0,53.0,1.0
3,262,1375.0,52.0,1.0
3,263,1380.0,46.0,1.0
3,264,1387.0,46.0,1.0
3,265,1392.0,44.0,1.0
3,266,1400.0,40.0,1.0
3,267,1408.0,42.0,1.0
3,268,1412.0,42.0,1.0
3,269,1416.0,38.0,1.0
3,270,1420.0,39.0,1.0
3,271,1426.0,45.0,1.0
3,272,1431.0,47.0,1.0
3,273,-1.0,-1.0,1.0
3,274,-1.0,-1.0,1.0
3,900,-1.0,-1.0,-1.0
3,901,-1.0,-1.0,-1.0
3,902,1485.0,45.0,-1.0
3,903,1484.0,48.0,-1.0
3,904,1483.0,47.0,-1.0
3,905,1480.0,46.0,-1.0
3,906,1473.0,47.0,-1.0
3,907,-1.0,-1.0,-1.0
3,908,-1.0,-1.0,-1.0
3,909,-1.0,-1.0,-1.0
3,910,-1.0,-1.0,-1.0
3,911,-1.0,-1.0,-1.0
3,912,-1.0,-1.0,-1.0
3,913,-1.0,-1.0,-1.0
3,914,1429.0,53.0,-1.0
3,915,1426.0,49.0,-1.0
3,916,1424.0,51.0,-1.0
3,917,1422.0,51.0,-1.0
3,918,1421.0,49.0,-1.0
3,919,1415.0,52.0,-1.0
3,920,1408.0,53.0,-1.0
3,921,1400.0,54.0,-1.0
3,922,1400.0,52.0,-1.0
3,923,1396.0,53.0,-1.0
3,924,1388.0,52.0,-1.0
3,925,1386.0,51.0,-1.0
3,926,1374.0,50.0,-1.0
3,927,1373.0,47.0,-1.0
3,928,1365.0,49.0,-1.0
3,929,1357.0,49.0,-1.0
3,930,1364.0,46.0,-1.0
3,931,1358.0,49.0,-1.0
3,932,1358.0,49.0,-1.0
3,933,1352.0,49.0,-1.0
3,934,1344.0,51.0,-1.0
3,935,1338.0,53.0,-1.0
3,936,1337.0,53.0,-1.0
3,937,1335.0,58.0,-1.0
3,938,1330.0,45.0,-1.0
3,939,1325.0,45.0,-1.0
3,940,1325.0,44.0,-1.0
3,941,1315.0,46.0,-1.0
3,942,1311.0,46.0,-1.0
3,943,1304.0,49.0,-1.0
3,944,1300.0,51.0,-1.0
3,945,1299.0,50.0,-1.0
3,946,1290.0,54.0,-1.0
3,947,1288.0,52.0,-1.0
3,948,1283.0,56.0,-1.0
3,949,1273.0,57.0,-1.0
3,950,1273.0,48.0,-1.0
3,951,1269.0,51.0,-1.0
3,952,1264.0,54.0,-1.0
3,953,1263.0,53.0,-1.0
3,954,1258.0,51.0,-1.0
3,955,1252.0,52.0,-1.0
3,956,1245.0,47.0,-1.0
3,957,1244.0,51.0,-1.0
3,958,1241.0,48.0,-1.0
3,959,1237.0,47.0,-1.0
3,960,1230.0,48.0,-1.0
3,961,-1.0,-1.0,-1.0
3,962,-1.0,-1.0,-1.0
3,963,1221.0,51.0,-1.0
3,964,1214.0,49.0,-1.0
3,965,1206.0,46.0,-1.0
3,966,1203.0,51.0,-1.0
3,967,1201.0,55.0,-1.0
3,968,1201.0,56.0,-1.0
3,969,-1.0,-1.0,-1.0
3,970,-1.0,-1.0,-1.0
3,971,-1.0,-1.0,-1.0
3,972,-1.0,-1.0,-1.0
3,973,-1.0,-1.0,-1.0
3,974,-1.0,-1.0,-1.0
3,975,1159.0,53.0,-1.0
3,976,1154.0,56.0,-1.0
3,977,1148.0,54.0,-1.0
3,978,-1.0,-1.0,-1.0
3,979,1143.0,54.0,-1.0
3,980,1139.0,54.0,-1.0
3,981,1133.0,56.0,-1.0
3,982,1126.0,57.0,-1.0
3,983,1127.0,54.0,-1.0
3,984,1125.0,54.0,-1.0
3,985,1117.0,52.0,-1.0
3,986,1111.0,52.0,-1.0
3,987,1105.0,51.0,-1.0
3,988,1104.0,49.0,-1.0
3,989,1101.0,57.0,-1.0
3,990,1096.0,58.0,-1.0
3,991,1093.0,57.0,-1.0
3,992,-1.0,-1.0,-1.0
3,993,1083.0,52.0,-1.0
3,994,1078.0,56.0,-1.0
3,995,1070.0,54.0,-1.0
3,996,1069.0,53.0,-1.0
3,997,1072.0,50.0,-1.0
3,998,1062.0,57.0,-1.0
3,999,-1.0,-1.0,-1.0
3,1000,-1.0,-1.0,-1.0
3,1001,1055.0,56.0,-1.0
3,1002,1044.0,54.0,-1.0
3,1003,1043.0,54.0,-1.0
3,1004,-1.0,-1.0,-1.0
3,1005,1030.0,49.0,-1.0
3,1006,1026.0,52.0,-1.0
3,1007,1022.0,53.0,-1.0
3,1008,1017.0,56.0,-1.0
3,1009,1012.0,60.0,-1.0
3,1010,1005.0,59.0,-1.0
3,1011,1000.0,58.0,-1.0
3,1012,996.0,58.0,-1.0
3,1013,989.0,61.0,-1.0
3,1014,-1.0,-1.0,-1.0
3,1015,987.0,49.0,-1.0
3,1016,984.0,47.0,-1.0
3,1017,977.0,46.0,-1.0
3,1018,971.0,47.0,-1.0
3,1019,967.0,49.0,-1.0
3,1020,967.0,47.0,-1.0
3,1021,962.0,44.0,-1.0
3,1022,959.0,53.0,-1.0
3,1023,-1.0,-1.0,-1.0
3,1024,954.0,49.0,-1.0
3,1025,943.0,48.0,-1.0
3,1026,943.0,51.0,-1.0
3,1027,942.0,56.0,-1.0
3,1028,936.0,57.0,-1.0
3,1029,930.0,44.0,-1.0
3,1030,-1.0,-1.0,-1.0
3,1031,-1.0,-1.0,-1.0
3,1032,914.0,53.0,-1.0
3,1033,911.0,54.0,-1.0
3,1034,905.0,54.0,-1.0
3,1035,-1.0,-1.0,-1.0
3,1036,-1.0,-1.0,-1.0
3,1037,897.0,46.0,-1.0
3,1038,889.0,48.0,-1.0
3,1039,883.0,49.0,-1.0
3,1040,881.0,51.0,-1.0
3,1041,872.0,55.0,-1.0
3,1042,868.0,52.0,-1.0
3,1043,864.0,52.0,-1.0
3,1044,-1.0,-1.0,-1.0
3,1045,860.0,54.0,-1.0
3,1046,857.0,51.0,-1.0
3,1047,849.0,53.0,-1.0
3,1048,842.0,48.0,-1.0
3,1049,837.0,50.0,-1.0
3,1050,837.0,52.0,-1.0
3,1051,834.0,52.0,-1.0
3,1052,830.0,54.0,-1.0
3,1053,827.0,56.0,-1.0
3,1054,825.0,59.0,-1.0
3,1055,822.0,55.0,-1.0
3,1056,821.0,58.0,-1.0
3,1057,-1.0,-1.0,-1.0
3,1058,-1.0,-1.0,-1.0
3,1059,-1.0,-1.0,-1.0
3,1060,-1.0,-1.0,-1.0
3,1061,-1.0,-1.0,-1.0
3,1062,-1.0,-1.0,-1.0
3,1063,-1.0,-1.0,-1.0
3,1064,-1.0,-1.0,-1.0
3,1065,-1.0,-1.0,-1.0
3,1066,764.0,56.0,-1.0
3,1067,764.0,54.0,-1.0
3,1068,757.0,54.0,-1.0
3,1069,758.0,54.0,-1.0
3,1070,753.0,58.0,-1.0
3,1071,747.0,58.0,-1.0
3,1072,738.0,57.0,-1.0
3,1073,733.0,58.0,-1.0
3,1074,732.0,55.0,-1.0
3,1075,729.0,57.0,-1.0
3,1076,730.0,55.0,-1.0
3,1077,722.0,56.0,-1.0
3,1078,718.0,56.0,-1.0
3,1079,715.0,55.0,-1.0
3,1080,709.0,57.0,-1.0
3,1081,707.0,54.0,-1.0
3,1082,703.0,52.0,-1.0
3,1083,697.0,52.0,-1.0
3,1084,-1.0,-1.0,-1.0
3,1085,686.0,54.0,-1.0
3,1086,684.0,55.0,-1.0
3,1087,684.0,56.0,-1.0
3,1088,-1.0,-1.0,-1.0
3,1089,-1.0,-1.0,-1.0
3,1090,666.0,48.0,-1.0
3,1091,663.0,48.0,-1.0
3,1092,658.0,49.0,-1.0
3,1093,655.0,51.0,-1.0
3,1094,651.0,49.0,-1.0
3,1095,650.0,49.0,-1.0
3,1096,641.0,48.0,-1.0
3,1097,634.0,47.0,-1.0
3,1098,634.0,50.0,-1.0
3,1099,629.0,54.0,-1.0
3,1100,622.0,54.0,-1.0
3,1101,621.0,55.0,-1.0
3,1102,619.0,54.0,-1.0
3,1103,612.0,54.0,-1.0
3,1104,608.0,57.0,-1.0
3,1105,604.0,54.0,-1.0
3,1106,601.0,51.0,-1.0
3,1107,596.0,53.0,-1.0
3,1108,588.0,49.0,-1.0
3,1109,584.0,49.0,-1.0
3,1110,581.0,51.0,-1.0
3,1111,581.0,50.0,-1.0
3,1112,-1.0,-1.0,-1.0
3,1113,-1.0,-1.0,-1.0
3,1114,-1.0,-1.0,-1.0
3,1115,559.0,55.0,-1.0
3,1116,555.0,55.0,-1.0
3,1117,552.0,53.0,-1.0
3,1118,-1.0,-1.0,-1.0
3,1119,551.0,59.0,-1.0
3,1120,-1.0,-1.0,-1.0
3,1121,-1.0,-1.0,-1.0
3,1122,533.0,51.0,-1.0
3,1123,-1.0,-1.0,-1.0
3,1124,-1.0,-1.0,-1.0
3,1125,-1.0,-1.0,-1.0
3,1126,511.0,57.0,-1.0
3,1127,506.0,54.0,-1.0
3,1128,505.0,58.0,-1.0
3,1129,501.0,60.0,-1.0
3,1130,501.0,60.0,-1.0
3,1131,493.0,65.0,-1.0
3,1132,490.0,65.0,-1.0
3,1133,486.0,65.0,-1.0
3,1134,481.0,62.0,-1.0
3,1135,476.0,62.0,-1.0
3,1136,473.0,58.0,-1.0
3,1137,469.0,53.0,-1.0
3,1138,464.0,57.0,-1.0
3,1139,464.0,57.0,-1.0
3,1140,455.0,55.0,-1.0
3,1141,450.0,55.0,-1.0
3,1142,447.0,55.0,-1.0
3,1143,443.0,58.0,-1.0
3,1144,437.0,58.0,-1.0
3,1145,432.0,58.0,-1.0
3,1146,428.0,58.0,-1.0
3,1147,425.0,55.0,-1.0
3,1148,421.0,57.0,-1.0
3,1149,-1.0,-1.0,-1.0
3,1150,-1.0,-1.0,-1.0
3,1151,-1.0,-1.0,-1.0
3,1152,-1.0,-1.0,-1.0
3,1153,-1.0,-1.0,-1.0
3,1154,399.0,51.0,-1.0
3,1155,396.0,58.0,-1.0
3,1156,390.0,55.0,-1.0
3,1157,387.0,58.0,-1.0
3,1158,381.0,58.0,-1.0
3,1159,373.0,55.0,-1.0
3,1160,369.0,57.0,-1.0
3,1161,365.0,60.0,-1.0
3,1162,-1.0,-1.0,-1.0
3,1163,360.0,59.0,-1.0
3,1164,356.0,63.0,-1.0
3,1165,355.0,66.0,-1.0
3,1166,348.0,59.0,-1.0
3,1167,341.0,57.0,-1.0
3,1168,334.0,63.0,-1.0
3,1169,335.0,52.0,-1.0
3,1170,328.0,60.0,-1.0
3,1171,326.0,58.0,-1.0
3,1172,-1.0,-1.0,-1.0
3,1173,-1.0,-1.0,-1.0
3,1174,-1.0,-1.0,-1.0
3,1175,-1.0,-1.0,-1.0
3,1176,-1.0,-1.0,-1.0
3,1177,-1.0,-1.0,-1.0
3,1178,294.0,58.0,-1.0
3,1179,290.0,58.0,-1.0
3,1180,285.0,56.0,-1.0
3,1181,281.0,58.0,-1.0
3,1182,277.0,56.0,-1.0
3,1183,-1.0,-1.0,-1.0
3,1184,-1.0,-1.0,-1.0
3,1185,-1.0,-1.0,-1.0
3,1186,-1.0,-1.0,-1.0
3,1187,-1.0,-1.0,-1.0
3,1188,-1.0,-1.0,-1.0
3,1189,-1.0,-1.0,-1.0
3,1190,-1.0,-1.0,-1.0
3,1191,-1.0,-1.0,-1.0
3,1192,-1.0,-1.0,-1.0
3,1193,224.0,53.0,-1.0
3,1194,224.0,53.0,-1.0
3,1195,218.0,55.0,-1.0
3,1196,213.0,62.0,-1.0
3,1197,212.0,62.0,-1.0
3,1198,212.0,63.0,-1.0
3,1199,207.0,62.0,-1.0
